[
  {
    "nom":"A5001",
    "capacitat":120,
    "tipus":"Teoria"
  },
  {
    "nom":"A5002",
    "capacitat":120,
    "tipus":"Teoria"
  },
  {
    "nom":"A5E01",
    "capacitat":140,
    "tipus":"Teoria"
  },
  {
    "nom":"A5E02",
    "capacitat":140,
    "tipus":"Teoria"
  },
  {
    "nom":"A5101",
    "capacitat":46,
    "tipus":"Problemes"
  },
  {
    "nom":"A5102",
    "capacitat":76,
    "tipus":"Teoria"
  },
  {
    "nom":"A5103",
    "capacitat":50,
    "tipus":"Teoria"
  },
  {
    "nom":"A5104",
    "capacitat":40,
    "tipus":"Problemes"
  },
  {
    "nom":"A5105",
    "capacitat":40,
    "tipus":"Problemes"
  },
  {
    "nom":"A5106",
    "capacitat":40,
    "tipus":"Problemes"
  },
  {
    "nom":"A5201",
    "capacitat":40,
    "tipus":"Problemes"
  },
  {
    "nom":"A5202",
    "capacitat":64,
    "tipus":"Teoria"
  },
  {
    "nom":"A5203",
    "capacitat":40,
    "tipus":"Teoria"
  },
  {
    "nom":"A5204",
    "capacitat":40,
    "tipus":"Problemes"
  }
]