[
  {
    "nom":"Teoria1",
    "capacitat":120,
    "tipus":"Teoria"
  },
  {
    "nom":"Teoria2",
    "capacitat":120,
    "tipus":"Teoria"
  },
  {
    "nom":"Teoria3",
    "capacitat":120,
    "tipus":"Teoria"
  },
  {
    "nom":"Teoria4",
    "capacitat":120,
    "tipus":"Teoria"
  },
  {
    "nom":"Teoria5",
    "capacitat":120,
    "tipus":"Teoria"
  },
  {
    "nom":"Teoria6",
    "capacitat":120,
    "tipus":"Teoria"
  },
  {
    "nom":"Teoria7",
    "capacitat":120,
    "tipus":"Teoria"
  },
  {
    "nom":"Teoria8",
    "capacitat":120,
    "tipus":"Teoria"
  },
  {
    "nom":"Teoria9",
    "capacitat":120,
    "tipus":"Teoria"
  },
  {
  "nom":"Problemes1",
  "capacitat":50,
  "tipus":"Problemes"
  },
  {
  "nom":"Problemes2",
  "capacitat":50,
  "tipus":"Problemes"
  },
  {
  "nom":"Problemes3",
  "capacitat":50,
  "tipus":"Problemes"
  },
  {
  "nom":"Problemes4",
  "capacitat":50,
  "tipus":"Problemes"
  },
  {
  "nom":"Problemes5",
  "capacitat":50,
  "tipus":"Problemes"
  },
  {
  "nom":"Problemes6",
  "capacitat":50,
  "tipus":"Problemes"
  },
  {
  "nom":"Problemes7",
  "capacitat":50,
  "tipus":"Problemes"
  },
  {
  "nom":"LabInfo1",
  "capacitat":50,
  "tipus":"LI"
  },
  {
  "nom":"LabInfo2",
  "capacitat":50,
  "tipus":"LI"
  },
  {
  "nom":"LabInfo3",
  "capacitat":50,
  "tipus":"LI"
  },
  {
  "nom":"LabInfo4",
  "capacitat":50,
  "tipus":"LI"
  },
  {
  "nom":"LabInfo5",
  "capacitat":50,
  "tipus":"LI"
  }
  {
  "nom":"LabInfo6",
  "capacitat":50,
  "tipus":"LI"
  }
  {
  "nom":"LabInfo7",
  "capacitat":50,
  "tipus":"LI"
  },
  {
  "nom":"LabFisica1",
  "capacitat":50,
  "tipus":"LF"
  },
  {
  "nom":"LabFisica2",
  "capacitat":50,
  "tipus":"LF"
  },
  {
  "nom":"LabFisica3",
  "capacitat":50,
  "tipus":"LF"
  },
  {
  "nom":"LabFisica4",
  "capacitat":50,
  "tipus":"LF"
  },
  {
  "nom":"LabFisica5",
  "capacitat":50,
  "tipus":"LF"
  },
  {
  "nom":"LabElectro1",
  "capacitat":50,
  "tipus":"LE"
  },
  {
  "nom":"LabElectro2",
  "capacitat":50,
  "tipus":"LE"
  },
  {
  "nom":"LabElectro3",
  "capacitat":50,
  "tipus":"LE"
  },
  {
  "nom":"LabElectro4",
  "capacitat":50,
  "tipus":"LE"
  },
  {
  "nom":"LabElectro5",
  "capacitat":50,
  "tipus":"LE"
  }
]
