[
  {
    "nom":"A5001",
    "capacitat":120,
    "tipus":"Teoria"
  },
  {
    "nom":"A5002",
    "capacitat":120,
    "tipus":"Teoria"
  },
  {
    "nom":"A5E01",
    "capacitat":140,
    "tipus":"Teoria"
  },
  {
    "nom":"A5E02",
    "capacitat":140,
    "tipus":"Teoria"
  },
  {
    "nom":"A5101",
    "capacitat":46,
    "tipus":"Problemes"
  },
  {
    "nom":"A5102",
    "capacitat":76,
    "tipus":"Teoria"
  },
  {
    "nom":"A5103",
    "capacitat":50,
    "tipus":"Teoria"
  },
  {
    "nom":"A5104",
    "capacitat":40,
    "tipus":"Problemes"
  },
  {
    "nom":"A5105",
    "capacitat":40,
    "tipus":"Problemes"
  },
  {
    "nom":"A5106",
    "capacitat":40,
    "tipus":"Problemes"
  },
  {
    "nom":"A5201",
    "capacitat":40,
    "tipus":"Problemes"
  },
  {
    "nom":"A5202",
    "capacitat":64,
    "tipus":"Teoria"
  },
  {
    "nom":"A5203",
    "capacitat":40,
    "tipus":"Teoria"
  },
  {
    "nom":"A5204",
    "capacitat":40,
    "tipus":"Problemes"
  },
  {
    "nom":"A5S102",
    "capacitat":25,
    "tipus":"LI"
  },
  {
    "nom":"A5S103",
    "capacitat":14,
    "tipus":"LI"
  },
  {
    "nom":"A5S103",
    "capacitat":21,
    "tipus":"LI"
  },
  {
    "nom":"A5S105",
    "capacitat":14,
    "tipus":"LI"
  },
  {
    "nom":"A5S108",
    "capacitat":23,
    "tipus":"LI"
  },
  {
    "nom":"A5S109",
    "capacitat":25,
    "tipus":"LI"
  },
  {
    "nom":"A5S111",
    "capacitat":14,
    "tipus":"LI"
  },
  {
    "nom":"A5S112",
    "capacitat":14,
    "tipus":"LI"
  },
  {
    "nom":"A5S113",
    "capacitat":25,
    "tipus":"LI"
  },
  {
    "nom":"B5S101",
    "capacitat":22,
    "tipus":"LI"
  },
  {
    "nom":"B5S102",
    "capacitat":23,
    "tipus":"LI"
  },
  {
    "nom":"B5S202",
    "capacitat":22,
    "tipus":"LI"
  },
  {
    "nom":"C6S301",
    "capacitat":15,
    "tipus":"LI"
  },
  {
    "nom":"C6S302",
    "capacitat":29,
    "tipus":"LI"
  },
  {
    "nom":"C6S303",
    "capacitat":16,
    "tipus":"LI"
  },
  {
    "nom":"C6S304",
    "capacitat":10,
    "tipus":"LI"
  },
  {
    "nom":"C6S306",
    "capacitat":21,
    "tipus":"LI"
  },
  {
    "nom":"C6S308",
    "capacitat":21,
    "tipus":"LI"
  },
  {
    "nom":"C6S309",
    "capacitat":21,
    "tipus":"LI"
  },
  {
    "nom":"A1S101",
    "capacitat":20,
    "tipus":"LF"
  },
  {
    "nom":"A1S102",
    "capacitat":20,
    "tipus":"LF"
  },
  {
    "nom":"A1S103",
    "capacitat":20,
    "tipus":"LF"
  },
  {
    "nom":"C5S202",
    "capacitat":40,
    "tipus":"LE"
  },
  {
    "nom":"C5S203",
    "capacitat":40,
    "tipus":"LE"
  },
  {
    "nom":"A6001",
    "capacitat":120,
    "tipus":"Teoria"
  },
  {
    "nom":"A6002",
    "capacitat":120,
    "tipus":"Teoria"
  },
  {
    "nom":"A6E01",
    "capacitat":140,
    "tipus":"Teoria"
  },
  {
    "nom":"A6E02",
    "capacitat":140,
    "tipus":"Teoria"
  },
  {
    "nom":"A6101",
    "capacitat":46,
    "tipus":"Problemes"
  },
  {
    "nom":"A6102",
    "capacitat":76,
    "tipus":"Teoria"
  },
  {
    "nom":"A6103",
    "capacitat":50,
    "tipus":"Teoria"
  },
  {
    "nom":"A6104",
    "capacitat":40,
    "tipus":"Problemes"
  },
  {
    "nom":"A6105",
    "capacitat":40,
    "tipus":"Problemes"
  },
  {
    "nom":"A6106",
    "capacitat":40,
    "tipus":"Problemes"
  },
  {
    "nom":"A6201",
    "capacitat":46,
    "tipus":"Problemes"
  },
  {
    "nom":"A6202",
    "capacitat":76,
    "tipus":"Teoria"
  },
  {
    "nom":"A6203",
    "capacitat":50,
    "tipus":"Teoria"
  },
  {
    "nom":"A6204",
    "capacitat":40,
    "tipus":"Problemes"
  },
  {
    "nom":"A6205",
    "capacitat":40,
    "tipus":"Problemes"
  },
  {
    "nom":"A6206",
    "capacitat":40,
    "tipus":"Problemes"
  }
]