[
  {
    "nom":"Teoria1",
    "capacitat":120,
    "tipus":"Teoria"
  },
  {
    "nom":"Teoria2",
    "capacitat":120,
    "tipus":"Teoria"
  },
  {
  "nom":"Problemes1",
  "capacitat":50,
  "tipus":"Problemes"
  },
  {
  "nom":"Problemes2",
  "capacitat":50,
  "tipus":"Problemes"
  },
  {
  "nom":"LabInfo1",
  "capacitat":50,
  "tipus":"LI"
  },
  {
  "nom":"LabInfo2",
  "capacitat":50,
  "tipus":"LI"
  },
  {
  "nom":"LabFisica1",
  "capacitat":50,
  "tipus":"LF"
  },
  {
  "nom":"LabFisica2",
  "capacitat":50,
  "tipus":"LF"
  },
  {
  "nom":"LabElectro1",
  "capacitat":50,
  "tipus":"LE"
  },
  {
  "nom":"LabElectro2",
  "capacitat":50,
  "tipus":"LE"
  }
]
