{
  "nom":"FIB",
  "assignatures":[
    {
      "codi": "IC",
      "nom": "Introduccio als computadors",
      "nivell": 1,
      "classes": {
        "teoria": 2,
        "duracio_t": 2,
        "problemes": 0,
        "duracio_p": 0,
        "laboratori": 1,
        "duracio_l": 2
      },
      "grups": {
        "automatic": true,
        "nombre": 7,
        "matins": 4,
        "capacitat": 68,
        "tipus_subgrup": "L INFORMATICA",
        "subgrup_per_alumnes": false,
        "valor": 4
      }
    },
    {
      "codi": "F",
      "nom": "Fisica",
      "nivell": 1,
      "classes": {
        "teoria": 2,
        "duracio_t": 2,
        "problemes": 0,
        "duracio_p": 0,
        "laboratori": 1,
        "duracio_l": 2
      },
      "grups": {
        "automatic": true,
        "nombre": 7,
        "matins": 4,
        "capacitat": 68,
        "tipus_subgrup": "L Fisica",
        "subgrup_per_alumnes": false,
        "valor": 4
      }
    },
    {
      "codi": "FM",
      "nom": "Fonaments matematics",
      "nivell": 1,
      "classes": {
        "teoria": 1,
        "duracio_t": 3,
        "problemes": 1,
        "duracio_p": 2,
        "laboratori": 0,
        "duracio_l": 0
      },
      "grups": {
        "automatic": true,
        "nombre": 7,
        "matins": 4,
        "capacitat": 66,
        "tipus_subgrup": "P",
        "subgrup_per_alumnes": false,
        "valor": 3
      }
    },
    {
      "codi": "PRO1",
      "nom": "Programacio 1",
      "nivell": 1,
      "classes": {
        "teoria": 1,
        "duracio_t": 3,
        "problemes": 0,
        "duracio_p": 0,
        "laboratori": 1,
        "duracio_l": 2
      },
      "grups": {
        "automatic": true,
        "nombre": 7,
        "matins": 4,
        "capacitat": 66,
        "tipus_subgrup": "LI",
        "subgrup_per_alumnes": false,
        "valor": 3
      }
    },
    {
      "codi": "EC",
      "nom": "Estructura de computadors",
      "nivell": 2,
      "classes": {
        "teoria": 2,
        "duracio_t": 2,
        "problemes": 0,
        "duracio_p": 0,
        "laboratori": 1,
        "duracio_l": 2
      },
      "grups": {
        "automatic": true,
        "nombre": 5,
        "matins": 3,
        "capacitat": 60,
        "tipus_subgrup": "LI",
        "subgrup_per_alumnes": false,
        "valor": 4
      }
    },
    {
      "codi": "PRO2",
      "nom": "Programacio 2",
      "nivell": 2,
      "classes": {
        "teoria": 1,
        "duracio_t": 2,
        "problemes": 0,
        "duracio_p": 0,
        "laboratori": 1,
        "duracio_l": 2
      },
      "grups": {
        "automatic": true,
        "nombre": 5,
        "matins": 3,
        "capacitat": 60,
        "tipus_subgrup": "LI",
        "subgrup_per_alumnes": false,
        "valor": 4
      }
    },
    {
      "codi": "M1",
      "nom": "Matematiques 1",
      "nivell": 2,
      "classes": {
        "teoria": 1,
        "duracio_t": 2,
        "problemes": 1,
        "duracio_p": 2,
        "laboratori": 0,
        "duracio_l": 0
      },
      "grups": {
        "automatic": true,
        "nombre": 5,
        "matins": 3,
        "capacitat": 60,
        "tipus_subgrup": "P",
        "subgrup_per_alumnes": false,
        "valor": 4
      }
    },
    {
      "codi": "M2",
      "nom": "Matematiques 2",
      "nivell": 2,
      "classes": {
        "teoria": 1,
        "duracio_t": 2,
        "problemes": 1,
        "duracio_p": 2,
        "laboratori": 0,
        "duracio_l": 0
      },
      "grups": {
        "automatic": true,
        "nombre": 5,
        "matins": 3,
        "capacitat": 60,
        "tipus_subgrup": "P",
        "subgrup_per_alumnes": false,
        "valor": 4
      }
    },
    {
      "codi": "CI",
      "nom": "Computer interfaces",
      "nivell": 3,
      "classes": {
        "teoria": 1,
        "duracio_t": 2,
        "problemes": 1,
        "duracio_p": 2,
        "laboratori": 2,
        "duracio_l": 2
      },
      "grups": {
        "automatic": true,
        "nombre": 5,
        "matins": 3,
        "capacitat": 60,
        "tipus_subgrup": "P",
        "subgrup_per_alumnes": false,
        "valor": 4
      }
    } ,
    {
      "codi": "EDA",
      "nom": "Estructures de dades i disseny d'algorismes",
      "nivell": 3,
      "classes": {
        "teoria": 1,
        "duracio_t": 2,
        "problemes": 1,
        "duracio_p": 2,
        "laboratori": 0,
        "duracio_l": 0
      },
      "grups": {
        "automatic": true,
        "nombre": 5,
        "matins": 3,
        "capacitat": 60,
        "tipus_subgrup": "P",
        "subgrup_per_alumnes": false,
        "valor": 4
      }
    },
    {
      "codi": "EEE",
      "nom": "Empresa i entorn econòmic",
      "nivell": 3,
      "classes": {
        "teoria": 2,
        "duracio_t": 2,
        "problemes": 2,
        "duracio_p": 2,
        "laboratori": 0,
        "duracio_l": 0
      },
      "grups": {
        "automatic": true,
        "nombre": 5,
        "matins": 3,
        "capacitat": 60,
        "tipus_subgrup": "P",
        "subgrup_per_alumnes": false,
        "valor": 4
      }
    },
    {
      "codi": "BD",
      "nom": "Bases de dades",
      "nivell": 3,
      "classes": {
        "teoria": 1,
        "duracio_t": 2,
        "problemes": 1,
        "duracio_p": 2,
        "laboratori": 0,
        "duracio_l": 0
      },
      "grups": {
        "automatic": true,
        "nombre": 5,
        "matins": 3,
        "capacitat": 60,
        "tipus_subgrup": "P",
        "subgrup_per_alumnes": false,
        "valor": 4
      }
    }
  ],
  "corequisits":[
    {
      "a1":"IC",
      "a2":"EC"
    },
    {
      "a1":"IC",
      "a2":"BD"
    },
    {
      "a1":"PRO1",
      "a2":"BD"
    },
    {
      "a1":"F",
      "a2":"M2"
    },
    {
      "a1":"FM",
      "a2":"M1"
    },
    {
      "a1":"EDA",
      "a2":"FM"
    },
    {
      "a1":"BD",
      "a2":"FM"
    },
    {
      "a1":"M2",
      "a2":"FM"
    },
    {
      "a1":"BD",
      "a2":"F"
    },
    {
      "a1":"CI",
      "a2":"FM"
    },
    {
      "a1":"PRO2",
      "a2":"FM"
    }
  ]
}