[
  {
    "nom":"A5S102",
    "capacitat":25,
    "tipus":"LI"
  },
  {
    "nom":"A5S103",
    "capacitat":14,
    "tipus":"LI"
  },
  {
    "nom":"A5S103",
    "capacitat":21,
    "tipus":"LI"
  },
  {
    "nom":"A5S105",
    "capacitat":14,
    "tipus":"LI"
  },
  {
    "nom":"A5S108",
    "capacitat":23,
    "tipus":"LI"
  },
  {
    "nom":"A5S109",
    "capacitat":25,
    "tipus":"LI"
  },
  {
    "nom":"A5S111",
    "capacitat":14,
    "tipus":"LI"
  },
  {
    "nom":"A5S112",
    "capacitat":14,
    "tipus":"LI"
  },
  {
    "nom":"A5S113",
    "capacitat":25,
    "tipus":"LI"
  },
  {
    "nom":"B5S101",
    "capacitat":22,
    "tipus":"LI"
  },
  {
    "nom":"B5S102",
    "capacitat":23,
    "tipus":"LI"
  },
  {
    "nom":"B5S202",
    "capacitat":22,
    "tipus":"LI"
  },
  {
    "nom":"C6S301",
    "capacitat":15,
    "tipus":"LI"
  },
  {
    "nom":"C6S302",
    "capacitat":29,
    "tipus":"LI"
  },
  {
    "nom":"C6S303",
    "capacitat":16,
    "tipus":"LI"
  },
  {
    "nom":"C6S304",
    "capacitat":10,
    "tipus":"LI"
  },
  {
    "nom":"C6S306",
    "capacitat":21,
    "tipus":"LI"
  },
  {
    "nom":"C6S308",
    "capacitat":21,
    "tipus":"LI"
  },
  {
    "nom":"C6S309",
    "capacitat":21,
    "tipus":"LI"
  },
  {
    "nom":"A1S101",
    "capacitat":20,
    "tipus":"LF"
  },
  {
    "nom":"A1S102",
    "capacitat":20,
    "tipus":"LF"
  },
  {
    "nom":"A1S103",
    "capacitat":20,
    "tipus":"LF"
  },
  {
    "nom":"C5S202",
    "capacitat":40,
    "tipus":"LE"
  },
  {
    "nom":"C5S203",
    "capacitat":40,
    "tipus":"LE"
  }
]